﻿<?xml version="1.0" encoding="utf-8"?>
<DacOrigin xmlns="http://schemas.microsoft.com/sqlserver/dac/Serialization/2012/02">
  <PackageProperties>
    <Version>3.1.0.0</Version>
    <ContainsExportedData>true</ContainsExportedData>
    <StreamVersions>
      <Version StreamName="Data">2.0.0.0</Version>
      <Version StreamName="DeploymentContributors">1.0.0.0</Version>
    </StreamVersions>
  </PackageProperties>
  <Operation>
    <Identity>f394ef3c-be3a-4efa-8be2-3898e032d09e</Identity>
    <Start>2023-10-28T11:09:47.9875831-03:00</Start>
    <End>0001-01-01T00:00:00.0000000</End>
    <ProductName>Microsoft.SqlServer.Dac, Version=15.0.0.0, Culture=neutral, PublicKeyToken=b03f5f7f11d50a3a</ProductName>
    <ProductVersion>15.0.5282.3</ProductVersion>
    <ProductSchema>http://schemas.microsoft.com/sqlserver/dac/Serialization/2012/02</ProductSchema>
  </Operation>
  <Server>
    <ServerVersion>Microsoft SQL Server 2019 (RTM-CU22-GDR) (KB5029378) - 15.0.4326.1 (X64) 
	Aug 18 2023 14:05:15 
	Copyright (C) 2019 Microsoft Corporation
	Express Edition (64-bit) on Windows 10 Education 10.0 &lt;X64&gt; (Build 19045: )
</ServerVersion>
    <ObjectCounts>
      <DatabaseOptions>1</DatabaseOptions>
      <DefaultConstraint>1</DefaultConstraint>
      <ForeignKeyConstraint>7</ForeignKeyConstraint>
      <PermissionStatement>2</PermissionStatement>
      <PrimaryKeyConstraint>24</PrimaryKeyConstraint>
      <SimpleColumn>265</SimpleColumn>
      <Table>24</Table>
    </ObjectCounts>
  </Server>
  <ExportStatistics>
    <SourceDatabaseSize>16648</SourceDatabaseSize>
    <TableRowCountTotalTag>1863</TableRowCountTotalTag>
  </ExportStatistics>
  <Checksums>
    <Checksum Uri="/model.xml">23FA40200D0216C967288ED021543A73B14C938889DC69D97324AB8A4E00C27F</Checksum>
  </Checksums>
  <ModelSchemaVersion>2.5</ModelSchemaVersion>
</DacOrigin>